name,telephone1,address1_city
Item1,Item2,Item3
Item2,Item2,Item3
Item1,Item2,Item3
Item2,Item2,Item3
Item1,Item2,Item3
Item2,Item2,Item3
Item1,Item2,Item3
Item2,Item2,Item3
Item1,Item2,Item3
Item2,Item2,Item3
Item1,Item2,Item3
Item2,Item2,Item3
Item1,Item2,Item3
Item2,Item2,Item3
Item1,Item2,Item3
Item2,Item2,Item3
Item1,Item2,Item3
Item2,Item2,Item3
Item1,Item2,Item3
Item2,Item2,Item3
Item1,Item2,Item3
Item2,Item2,Item3
Item1,Item2,Item3
Item2,Item2,Item3
Item1,Item2,Item3
Item2,Item2,Item3
Item1,Item2,Item3
Item2,Item2,Item3
Item1,Item2,Item3
Item2,Item2,Item3
Item1,Item2,Item3
Item2,Item2,Item3
Item1,Item2,Item3
Item2,Item2,Item3
Item1,Item2,Item3
Item2,Item2,Item3
Item1,Item2,Item3
Item2,Item2,Item3
Item1,Item2,Item3
Item2,Item2,Item3
Item1,Item2,Item3
Item2,Item2,Item3
